Thread,ResponseTime(ms),StatusCode
8,180,200
1,237,200
11,316,200
6,368,200
0,443,200
7,458,200
4,594,200
9,593,200
3,653,200
2,655,200
17,633,200
14,662,200
10,746,200
18,736,200
15,803,200
13,834,200
5,915,200
22,923,200
12,985,200
23,978,200
20,1086,200
16,1138,200
21,1109,200
19,1154,200
30,1039,200
27,1110,200
24,1213,200
29,1149,200
25,1287,200
28,1282,200
26,1359,200
37,1202,200
32,1306,200
33,1393,200
42,1273,200
35,1435,200
36,1444,200
31,1532,200
43,1384,200
38,1550,200
34,1634,200
44,1485,200
41,1513,200
48,1559,200
47,1752,200
39,1865,200
52,1742,200
40,1851,200
49,1811,200
50,1819,200
51,1830,200
53,1822,200
46,1890,200
45,1908,200
55,2042,200
57,2029,200
54,2085,200
61,2009,200
63,1976,200
56,2137,200
60,2121,200
58,2176,200
62,2125,200
65,2155,200
59,2291,200
69,2212,200
66,2252,200
67,2286,200
64,2360,200
75,2317,200
70,2380,200
68,2408,200
79,2366,200
72,2499,200
71,2554,200
73,2577,200
77,2520,200
76,2543,200
74,2599,200
78,2540,200
81,2510,200
89,2554,200
80,2691,200
82,2692,200
88,2628,200
83,2728,200
84,2797,200
85,2817,200
86,2813,200
87,2821,200
95,2748,200
94,2813,200
90,2908,200
92,2925,200
91,2941,200
93,2941,200
101,2870,200
103,2961,200
98,3062,200
96,3090,200
97,3133,200
99,3130,200
109,3014,200
100,3176,200
102,3232,200
105,3242,200
106,3237,200
108,3210,200
104,3288,200
110,3178,200
114,3229,200
107,3361,200
116,3287,200
112,3342,200
113,3397,200
111,3439,200
122,3375,200
121,3426,200
117,3488,200
120,3530,200
115,3617,200
119,3620,200
118,3631,200
130,3574,200
124,3643,200
123,3727,200
136,3747,200
142,3764,200
126,3800,200
144,3811,200
132,3860,200
134,3862,200
137,3863,200
143,3966,200
135,3996,200
141,3995,200
140,4079,200
129,4114,200
128,4171,200
131,4176,200
138,4252,200
127,4277,200
125,4323,200
139,4309,200
133,4375,200
147,4282,200
159,4227,200
145,4434,200
148,4443,200
155,4373,200
153,4423,200
156,4408,200
152,4468,200
151,4530,200
150,4595,200
149,4605,200
158,4568,200
154,4653,200
146,4772,200
157,4680,200
163,4742,200
164,4749,200
168,4653,200
161,4785,200
160,4799,200
162,4804,200
173,4650,200
165,4873,200
175,4766,200
167,4857,200
178,4801,200
177,4907,200
176,4915,200
171,5060,200
169,5080,200
172,5059,200
166,5164,200
180,5013,200
187,5047,200
181,5115,200
174,5203,200
170,5248,200
186,5170,200
184,5232,200
190,5182,200
179,5382,200
182,5348,200
185,5331,200
188,5367,200
183,5438,200
189,5391,200
195,5321,200
198,5362,200
192,5439,200
191,5468,200
194,5440,200
196,5414,200
193,5487,200
199,5427,200
197,5467,200
